{"precision": 0.875, "recall": 0.4117647058823529, "F1": 0.56}
{"precision": 0.875, "recall": 0.4117647058823529, "F1": 0.56}
{"precision": 0.875, "recall": 0.4117647058823529, "F1": 0.56}
